participant_id,mode,timestamp,attention_score,action,low_streak
P001,baseline,0.36,0.95,Baseline,0
P001,baseline,0.79,0.85,Baseline,0
P001,baseline,0.96,0.93,Baseline,0
P001,baseline,1.11,0.91,Baseline,0
P001,baseline,1.27,0.86,Baseline,0
P001,baseline,1.44,0.89,Baseline,0
P001,baseline,1.6,0.89,Baseline,0
P001,baseline,1.77,0.79,Baseline,0
P001,baseline,1.93,0.86,Baseline,0
P001,baseline,2.1,0.85,Baseline,0
P001,baseline,2.25,0.79,Baseline,0
P001,baseline,2.4,0.9,Baseline,0
P001,baseline,2.56,0.82,Baseline,0
P001,baseline,2.71,0.84,Baseline,0
P001,baseline,2.87,0.82,Baseline,0
P001,baseline,3.02,0.82,Baseline,0
P001,baseline,3.18,0.85,Baseline,0
P001,baseline,3.34,0.89,Baseline,0
P001,baseline,3.5,0.9,Baseline,0
P001,baseline,3.66,0.93,Baseline,0
P001,baseline,3.81,0.87,Baseline,0
P001,baseline,3.98,0.86,Baseline,0
P001,baseline,4.13,0.84,Baseline,0
P001,baseline,4.28,0.9,Baseline,0
P001,baseline,4.45,0.83,Baseline,0
P001,baseline,4.61,0.86,Baseline,0
P001,baseline,4.77,0.82,Baseline,0
P001,baseline,4.92,0.68,Baseline,0
P001,baseline,5.08,0.66,Baseline,0
P001,baseline,5.24,0.64,Baseline,0
P001,baseline,5.4,0.66,Baseline,0
P001,baseline,5.57,0.66,Baseline,0
P001,baseline,5.72,0.68,Baseline,0
P001,baseline,5.88,0.63,Baseline,0
P001,baseline,6.05,0.66,Baseline,0
P001,baseline,6.21,0.72,Baseline,0
P001,baseline,6.38,0.85,Baseline,0
P001,baseline,6.55,0.86,Baseline,0
P001,baseline,6.7,0.76,Baseline,0
P001,baseline,6.85,0.86,Baseline,0
P001,baseline,7.02,0.86,Baseline,0
P001,baseline,7.19,0.89,Baseline,0
P001,baseline,7.34,0.83,Baseline,0
P001,baseline,7.5,0.73,Baseline,0
P001,baseline,7.66,0.86,Baseline,0
P001,baseline,7.8,0.85,Baseline,0
P001,baseline,7.97,0.83,Baseline,0
P001,baseline,8.12,0.76,Baseline,0
P001,baseline,8.27,0.87,Baseline,0
P001,baseline,8.44,0.8,Baseline,0
P001,baseline,8.59,0.93,Baseline,0
P001,baseline,8.74,0.94,Baseline,0
P001,baseline,8.9,0.91,Baseline,0
P001,baseline,9.07,0.95,Baseline,0
P001,baseline,9.24,0.9,Baseline,0
P001,baseline,9.39,0.88,Baseline,0
P001,baseline,9.55,0.83,Baseline,0
P001,baseline,9.71,0.92,Baseline,0
P001,baseline,9.86,0.87,Baseline,0
P001,baseline,10.02,0.87,Baseline,0
P001,baseline,10.17,0.91,Baseline,0
P001,baseline,10.33,0.95,Baseline,0
P001,baseline,10.49,0.88,Baseline,0
P001,baseline,10.66,0.85,Baseline,0
P001,baseline,10.81,0.74,Baseline,0
P001,baseline,10.96,0.73,Baseline,0
P001,baseline,11.12,0.74,Baseline,0
P001,baseline,11.28,0.66,Baseline,0
P001,baseline,11.45,0.71,Baseline,0
P001,baseline,11.6,0.67,Baseline,0
P001,baseline,11.76,0.66,Baseline,0
P001,baseline,11.93,0.65,Baseline,0
P001,baseline,12.09,0.77,Baseline,0
P001,baseline,12.24,0.67,Baseline,0
P001,baseline,12.4,0.71,Baseline,0
P001,baseline,12.55,0.59,Baseline,0
P001,baseline,12.71,0.64,Baseline,0
P001,baseline,12.87,0.63,Baseline,0
P001,baseline,13.02,0.65,Baseline,0
P001,baseline,13.17,0.65,Baseline,0
P001,baseline,13.33,0.75,Baseline,0
P001,baseline,13.48,0.76,Baseline,0
P001,baseline,13.65,0.58,Baseline,0
P001,baseline,13.82,0.77,Baseline,0
P001,baseline,13.99,0.78,Baseline,0
P001,baseline,14.14,0.9,Baseline,0
P001,baseline,14.59,0.85,Baseline,0
P001,baseline,14.74,0.78,Baseline,0
P001,baseline,14.91,0.87,Baseline,0
P001,baseline,15.09,0.87,Baseline,0
P001,baseline,15.25,0.81,Baseline,0
P001,baseline,15.4,0.8,Baseline,0
P001,baseline,15.56,0.89,Baseline,0
P001,baseline,15.72,0.9,Baseline,0
P001,baseline,15.89,0.9,Baseline,0
P001,baseline,16.04,0.91,Baseline,0
P001,baseline,16.19,0.86,Baseline,0
P001,baseline,16.35,0.84,Baseline,0
P001,baseline,16.51,0.88,Baseline,0
P001,baseline,16.67,0.89,Baseline,0
P001,baseline,16.82,0.86,Baseline,0
P001,baseline,16.98,0.84,Baseline,0
P001,baseline,17.14,0.84,Baseline,0
P001,baseline,17.3,0.85,Baseline,0
P001,baseline,17.47,0.88,Baseline,0
P001,baseline,17.62,0.87,Baseline,0
P001,baseline,17.78,0.91,Baseline,0
P001,baseline,17.93,0.86,Baseline,0
P001,baseline,18.09,0.72,Baseline,0
P001,baseline,18.26,0.73,Baseline,0
P001,baseline,18.43,0.6799999999999999,Baseline,0
P001,baseline,18.58,0.58,Baseline,0
P001,baseline,18.74,0.42999999999999994,Baseline,1
P001,baseline,18.88,0.2799999999999999,Baseline,2
P001,baseline,19.03,0.12999999999999992,Baseline,3
P001,baseline,19.19,0.0,Baseline,4
P001,baseline,19.34,0.0,Baseline,5
P001,baseline,19.49,0.0,Baseline,6
P001,baseline,19.63,0.0,Baseline,7
P001,baseline,19.77,0.0,Baseline,8
P001,baseline,19.92,0.0,Baseline,9
P001,baseline,20.06,0.0,Baseline,10
P001,baseline,20.22,0.0,Baseline,11
P001,baseline,20.38,0.0,Baseline,12
P001,baseline,20.53,0.0,Baseline,13
P001,baseline,20.68,0.0,Baseline,14
P001,baseline,20.84,0.0,Baseline,15
P001,baseline,20.99,0.0,Baseline,16
P001,baseline,21.14,0.0,Baseline,17
P001,baseline,21.3,0.0,Baseline,18
P001,baseline,21.45,0.0,Baseline,19
P001,baseline,21.59,0.0,Baseline,20
P001,baseline,21.74,0.0,Baseline,21
P001,baseline,21.9,0.0,Baseline,22
P001,baseline,22.05,0.0,Baseline,23
P001,baseline,22.21,0.0,Baseline,24
P001,baseline,22.37,0.0,Baseline,25
P001,baseline,22.52,0.0,Baseline,26
P001,baseline,22.67,0.0,Baseline,27
P001,baseline,22.83,0.0,Baseline,28
P001,baseline,22.98,0.0,Baseline,29
P001,baseline,23.15,0.72,Baseline,28
P001,baseline,23.31,0.74,Baseline,27
P001,baseline,23.46,0.72,Baseline,26
P001,baseline,23.62,0.76,Baseline,25
P001,baseline,23.77,0.72,Baseline,24
P001,baseline,23.94,0.78,Baseline,23
P001,baseline,24.09,0.76,Baseline,22
P001,baseline,24.25,0.76,Baseline,21
P001,baseline,24.41,0.78,Baseline,20
P001,baseline,24.56,0.79,Baseline,19
P001,baseline,24.72,0.73,Baseline,18
P001,baseline,24.89,0.63,Baseline,17
P001,baseline,25.04,0.65,Baseline,16
P001,baseline,25.21,0.66,Baseline,15
P001,baseline,25.37,0.57,Baseline,14
P001,baseline,25.53,0.64,Baseline,13
P001,baseline,25.71,0.7,Baseline,12
P001,baseline,25.88,0.86,Baseline,11
P001,baseline,26.05,0.8,Baseline,10
P001,baseline,26.2,0.85,Baseline,9
P001,baseline,26.35,0.85,Baseline,8
P001,baseline,26.52,0.79,Baseline,7
P001,baseline,26.68,0.8,Baseline,6
P001,baseline,26.84,0.87,Baseline,5
P001,baseline,27.01,0.81,Baseline,4
P001,baseline,27.17,0.85,Baseline,3
P001,baseline,27.34,0.81,Baseline,2
P001,baseline,27.51,0.84,Baseline,1
P001,baseline,27.66,0.85,Baseline,0
P001,baseline,27.81,0.89,Baseline,0
P001,baseline,27.96,0.85,Baseline,0
P001,baseline,28.13,0.93,Baseline,0
P001,baseline,28.3,0.87,Baseline,0
P001,baseline,28.47,0.87,Baseline,0
P001,baseline,28.64,0.91,Baseline,0
P001,baseline,28.8,0.91,Baseline,0
P001,baseline,28.97,0.91,Baseline,0
P001,baseline,29.13,0.89,Baseline,0
P001,baseline,29.29,0.92,Baseline,0
P001,baseline,29.45,0.89,Baseline,0
P001,baseline,29.6,0.91,Baseline,0
P001,baseline,29.76,0.91,Baseline,0
P001,baseline,29.91,0.94,Baseline,0
P001,baseline,30.06,0.9,Baseline,0
P001,baseline,30.23,0.93,Baseline,0
P001,baseline,30.4,0.95,Baseline,0
P001,baseline,30.56,0.91,Baseline,0
P001,baseline,30.72,0.92,Baseline,0
P001,baseline,30.88,0.92,Baseline,0
P001,baseline,31.04,0.84,Baseline,0
P001,baseline,31.21,0.92,Baseline,0
P001,baseline,31.38,0.91,Baseline,0
P001,baseline,31.56,0.87,Baseline,0
P001,baseline,31.72,0.93,Baseline,0
P001,baseline,31.88,0.91,Baseline,0
P001,baseline,32.03,0.78,Baseline,0
P001,baseline,32.18,0.67,Baseline,0
P001,baseline,32.35,0.88,Baseline,0
P001,baseline,32.52,0.83,Baseline,0
P001,baseline,32.69,0.89,Baseline,0
P001,baseline,32.86,0.88,Baseline,0
P001,baseline,33.04,0.82,Baseline,0
P001,baseline,33.2,0.81,Baseline,0
P001,baseline,33.35,0.89,Baseline,0
P001,baseline,33.51,0.85,Baseline,0
P001,baseline,34.01,0.84,Baseline,0
P001,baseline,34.16,0.76,Baseline,0
P001,baseline,34.32,0.87,Baseline,0
P001,baseline,34.49,0.82,Baseline,0
P001,baseline,34.65,0.73,Baseline,0
P001,baseline,34.81,0.79,Baseline,0
P001,baseline,34.97,0.7,Baseline,0
P001,baseline,35.14,0.75,Baseline,0
P001,baseline,35.3,0.62,Baseline,0
P001,baseline,35.46,0.89,Baseline,0
P001,baseline,35.62,0.75,Baseline,0
P001,baseline,35.78,0.67,Baseline,0
P001,baseline,35.93,0.81,Baseline,0
P001,baseline,36.09,0.85,Baseline,0
P001,baseline,36.26,0.81,Baseline,0
P001,baseline,36.42,0.76,Baseline,0
P001,baseline,36.59,0.75,Baseline,0
P001,baseline,36.74,0.76,Baseline,0
P001,baseline,36.89,0.82,Baseline,0
P001,baseline,37.05,0.71,Baseline,0
P001,baseline,37.22,0.8,Baseline,0
P001,baseline,37.38,0.72,Baseline,0
P001,baseline,37.54,0.72,Baseline,0
P001,baseline,37.7,0.69,Baseline,0
P001,baseline,37.86,0.69,Baseline,0
P001,baseline,38.02,0.74,Baseline,0
P001,baseline,38.19,0.82,Baseline,0
P001,baseline,38.34,0.75,Baseline,0
P001,baseline,38.5,0.78,Baseline,0
P001,baseline,38.66,0.84,Baseline,0
P001,baseline,38.82,0.81,Baseline,0
P001,baseline,38.98,0.81,Baseline,0
P001,baseline,39.15,0.73,Baseline,0
P001,baseline,39.3,0.84,Baseline,0
P001,baseline,39.46,0.81,Baseline,0
P001,baseline,39.62,0.8,Baseline,0
P001,baseline,39.77,0.68,Baseline,0
P001,baseline,39.92,0.8,Baseline,0
P001,baseline,40.08,0.81,Baseline,0
P001,baseline,40.24,0.7,Baseline,0
P001,baseline,40.4,0.8,Baseline,0
P001,baseline,40.55,0.82,Baseline,0
P001,baseline,40.72,0.82,Baseline,0
P001,baseline,40.89,0.86,Baseline,0
P001,baseline,41.06,0.74,Baseline,0
P001,baseline,41.21,0.81,Baseline,0
P001,baseline,41.37,0.84,Baseline,0
P001,baseline,41.54,0.86,Baseline,0
P001,baseline,41.71,0.92,Baseline,0
P001,baseline,41.87,0.88,Baseline,0
P001,baseline,42.03,0.87,Baseline,0
P001,baseline,42.19,0.88,Baseline,0
P001,baseline,42.35,0.88,Baseline,0
P001,baseline,42.5,0.92,Baseline,0
P001,baseline,42.66,0.87,Baseline,0
P001,baseline,42.82,0.8,Baseline,0
P001,baseline,42.99,0.78,Baseline,0
P001,baseline,43.14,0.8,Baseline,0
P001,baseline,43.29,0.79,Baseline,0
P001,baseline,43.45,0.77,Baseline,0
P001,baseline,43.62,0.82,Baseline,0
P001,baseline,43.78,0.79,Baseline,0
P001,baseline,43.95,0.84,Baseline,0
P001,baseline,44.1,0.84,Baseline,0
P001,baseline,44.26,0.84,Baseline,0
P001,baseline,44.42,0.83,Baseline,0
P001,baseline,44.58,0.84,Baseline,0
P001,baseline,44.75,0.83,Baseline,0
P001,baseline,44.92,0.83,Baseline,0
P001,baseline,45.07,0.86,Baseline,0
P001,baseline,45.23,0.82,Baseline,0
P001,baseline,45.39,0.83,Baseline,0
P001,baseline,45.55,0.84,Baseline,0
P001,baseline,45.71,0.88,Baseline,0
P001,baseline,45.87,0.85,Baseline,0
P001,baseline,46.02,0.84,Baseline,0
P001,baseline,46.18,0.83,Baseline,0
P001,baseline,46.35,0.85,Baseline,0
P001,baseline,46.5,0.86,Baseline,0
P001,baseline,46.66,0.84,Baseline,0
P001,baseline,46.82,0.81,Baseline,0
P001,baseline,46.97,0.87,Baseline,0
P001,baseline,47.13,0.86,Baseline,0
P001,baseline,47.29,0.86,Baseline,0
P001,baseline,47.45,0.85,Baseline,0
P001,baseline,47.61,0.83,Baseline,0
P001,baseline,47.76,0.85,Baseline,0
P001,baseline,47.92,0.83,Baseline,0
P001,baseline,48.08,0.85,Baseline,0
P001,baseline,48.25,0.86,Baseline,0
P001,baseline,48.42,0.93,Baseline,0
P001,baseline,48.58,0.86,Baseline,0
P001,baseline,49.07,0.87,Baseline,0
P001,baseline,49.22,0.85,Baseline,0
P001,baseline,49.38,0.96,Baseline,0
P001,baseline,49.54,0.84,Baseline,0
P001,baseline,49.71,0.8,Baseline,0
P001,baseline,49.88,0.84,Baseline,0
P001,baseline,50.04,0.79,Baseline,0
P001,baseline,50.19,0.96,Baseline,0
P001,baseline,50.34,0.91,Baseline,0
P001,baseline,50.5,0.94,Baseline,0
P001,baseline,50.66,0.74,Baseline,0
P001,baseline,50.82,0.89,Baseline,0
P001,baseline,50.98,0.85,Baseline,0
P001,baseline,51.14,0.85,Baseline,0
P001,baseline,51.31,0.79,Baseline,0
P001,baseline,51.46,0.77,Baseline,0
P001,baseline,51.62,0.86,Baseline,0
P001,baseline,51.78,0.87,Baseline,0
P001,baseline,51.93,0.81,Baseline,0
P001,baseline,52.1,0.83,Baseline,0
P001,baseline,52.26,0.92,Baseline,0
P001,baseline,52.42,0.85,Baseline,0
P001,baseline,52.57,0.83,Baseline,0
P001,baseline,52.73,0.83,Baseline,0
P001,baseline,52.89,0.88,Baseline,0
P001,baseline,53.05,0.8,Baseline,0
P001,baseline,53.2,0.88,Baseline,0
P001,baseline,53.35,0.85,Baseline,0
P001,baseline,53.52,0.91,Baseline,0
P001,baseline,53.68,0.85,Baseline,0
P001,baseline,53.85,0.9,Baseline,0
P001,baseline,54.01,0.89,Baseline,0
P001,baseline,54.17,0.89,Baseline,0
P001,baseline,54.33,0.88,Baseline,0
P001,baseline,54.48,0.8,Baseline,0
P001,baseline,54.66,0.79,Baseline,0
P001,baseline,54.82,0.79,Baseline,0
P001,baseline,54.98,0.83,Baseline,0
P001,baseline,55.13,0.76,Baseline,0
P001,baseline,55.3,0.82,Baseline,0
P001,baseline,55.46,0.84,Baseline,0
P001,baseline,55.62,0.84,Baseline,0
P001,baseline,55.77,0.84,Baseline,0
P001,baseline,55.93,0.87,Baseline,0
P001,baseline,56.08,0.84,Baseline,0
P001,baseline,56.24,0.77,Baseline,0
P001,baseline,56.4,0.83,Baseline,0
P001,baseline,56.56,0.83,Baseline,0
P001,baseline,56.71,0.86,Baseline,0
P001,baseline,56.88,0.84,Baseline,0
P001,baseline,57.03,0.83,Baseline,0
P001,baseline,57.19,0.84,Baseline,0
P001,baseline,57.34,0.87,Baseline,0
P001,baseline,57.51,0.84,Baseline,0
P001,baseline,57.67,0.83,Baseline,0
P001,baseline,57.83,0.81,Baseline,0
P001,baseline,58.0,0.87,Baseline,0
P001,baseline,58.15,0.86,Baseline,0
P001,baseline,58.31,0.86,Baseline,0
P001,baseline,58.48,0.86,Baseline,0
P001,baseline,58.64,0.84,Baseline,0
P001,baseline,58.82,0.86,Baseline,0
P001,baseline,58.99,0.79,Baseline,0
P001,baseline,59.16,0.88,Baseline,0
P001,baseline,59.33,0.81,Baseline,0
P001,baseline,59.49,0.82,Baseline,0
P001,baseline,59.65,0.83,Baseline,0
P001,baseline,59.81,0.84,Baseline,0
P001,baseline,59.97,0.83,Baseline,0
P001,baseline,60.13,0.8,Baseline,0
P001,baseline,60.29,0.86,Baseline,0
P001,baseline,60.46,0.84,Baseline,0
P001,baseline,60.61,0.85,Baseline,0
P001,baseline,60.77,0.85,Baseline,0
P001,baseline,60.92,0.85,Baseline,0
P001,baseline,61.08,0.84,Baseline,0
P001,baseline,61.24,0.86,Baseline,0
P001,baseline,61.4,0.85,Baseline,0
P001,baseline,61.57,0.85,Baseline,0
P001,baseline,61.73,0.82,Baseline,0
P001,baseline,61.89,0.83,Baseline,0
P001,baseline,62.06,0.89,Baseline,0
P001,baseline,62.22,0.85,Baseline,0
P001,baseline,62.37,0.87,Baseline,0
P001,baseline,62.54,0.82,Baseline,0
P001,baseline,62.69,0.82,Baseline,0
P001,baseline,62.85,0.78,Baseline,0
P001,baseline,63.02,0.79,Baseline,0
P001,baseline,63.18,0.81,Baseline,0
P001,baseline,63.35,0.85,Baseline,0
P001,baseline,63.51,0.87,Baseline,0
P001,baseline,63.67,0.83,Baseline,0
P001,baseline,63.83,0.88,Baseline,0
P001,baseline,63.98,0.81,Baseline,0
P001,baseline,64.48,0.87,Baseline,0
P001,baseline,64.63,0.84,Baseline,0
P001,baseline,64.79,0.85,Baseline,0
P001,baseline,64.94,0.87,Baseline,0
P001,baseline,65.11,0.83,Baseline,0
P001,baseline,65.28,0.86,Baseline,0
P001,baseline,65.45,0.88,Baseline,0
P001,baseline,65.6,0.89,Baseline,0
P001,baseline,65.75,0.88,Baseline,0
P001,baseline,65.91,0.87,Baseline,0
P001,baseline,66.07,0.87,Baseline,0
P001,baseline,66.24,0.86,Baseline,0
P001,baseline,66.41,0.88,Baseline,0
P001,baseline,66.58,0.86,Baseline,0
P001,baseline,66.75,0.89,Baseline,0
P001,baseline,66.92,0.9,Baseline,0
P001,baseline,67.09,0.81,Baseline,0
P001,baseline,67.27,0.76,Baseline,0
P001,baseline,67.44,0.78,Baseline,0
P001,baseline,67.61,0.78,Baseline,0
P001,baseline,67.77,0.83,Baseline,0
P001,baseline,67.93,0.84,Baseline,0
P001,baseline,68.09,0.84,Baseline,0
P001,baseline,68.26,0.82,Baseline,0
P001,baseline,68.43,0.83,Baseline,0
P001,baseline,68.59,0.83,Baseline,0
P001,baseline,68.76,0.82,Baseline,0
P001,baseline,68.92,0.84,Baseline,0
P001,baseline,69.08,0.8,Baseline,0
P001,baseline,69.24,0.77,Baseline,0
P001,baseline,69.39,0.84,Baseline,0
P001,baseline,69.55,0.85,Baseline,0
P001,baseline,69.71,0.87,Baseline,0
P001,baseline,69.88,0.8,Baseline,0
P001,baseline,70.03,0.87,Baseline,0
P001,baseline,70.19,0.8,Baseline,0
P001,baseline,70.35,0.81,Baseline,0
P001,baseline,70.52,0.86,Baseline,0
P001,baseline,70.67,0.86,Baseline,0
P001,baseline,70.84,0.83,Baseline,0
P001,baseline,71.0,0.78,Baseline,0
P001,baseline,71.16,0.79,Baseline,0
P001,baseline,71.31,0.74,Baseline,0
P001,baseline,71.48,0.78,Baseline,0
P001,baseline,71.64,0.79,Baseline,0
P001,baseline,71.8,0.8,Baseline,0
P001,baseline,71.95,0.77,Baseline,0
P001,baseline,72.11,0.8,Baseline,0
P001,baseline,72.26,0.84,Baseline,0
P001,baseline,72.42,0.83,Baseline,0
P001,baseline,72.58,0.78,Baseline,0
P001,baseline,72.73,0.82,Baseline,0
P001,baseline,72.89,0.78,Baseline,0
P001,baseline,73.04,0.83,Baseline,0
P001,baseline,73.22,0.82,Baseline,0
P001,baseline,73.4,0.82,Baseline,0
P001,baseline,73.57,0.79,Baseline,0
P001,baseline,73.74,0.78,Baseline,0
P001,baseline,73.89,0.83,Baseline,0
P001,baseline,74.05,0.79,Baseline,0
P001,baseline,74.22,0.84,Baseline,0
P001,baseline,74.37,0.81,Baseline,0
P001,baseline,74.54,0.8,Baseline,0
P001,baseline,74.7,0.84,Baseline,0
P001,baseline,74.87,0.82,Baseline,0
P001,baseline,75.04,0.78,Baseline,0
P001,baseline,75.19,0.79,Baseline,0
P001,baseline,75.35,0.83,Baseline,0
P001,baseline,75.51,0.81,Baseline,0
P001,baseline,75.66,0.85,Baseline,0
P001,baseline,75.82,0.79,Baseline,0
P001,baseline,75.97,0.83,Baseline,0
P001,baseline,76.13,0.82,Baseline,0
P001,baseline,76.29,0.86,Baseline,0
P001,baseline,76.45,0.86,Baseline,0
P001,baseline,76.61,0.83,Baseline,0
P001,baseline,76.76,0.85,Baseline,0
P001,baseline,76.93,0.82,Baseline,0
P001,baseline,77.08,0.85,Baseline,0
P001,baseline,77.25,0.82,Baseline,0
P001,baseline,77.41,0.83,Baseline,0
P001,baseline,77.57,0.84,Baseline,0
P001,baseline,77.73,0.8,Baseline,0
P001,baseline,77.89,0.84,Baseline,0
P001,baseline,78.06,0.79,Baseline,0
P001,baseline,78.21,0.77,Baseline,0
P001,baseline,78.36,0.81,Baseline,0
P001,baseline,78.53,0.78,Baseline,0
P001,baseline,78.7,0.84,Baseline,0
P001,baseline,78.85,0.82,Baseline,0
P001,baseline,79.0,0.81,Baseline,0
P001,baseline,79.16,0.81,Baseline,0
P001,baseline,79.31,0.8,Baseline,0
P001,baseline,79.47,0.73,Baseline,0
P001,baseline,79.96,0.88,Baseline,0
P001,baseline,80.12,0.8,Baseline,0
P001,baseline,80.28,0.86,Baseline,0
P001,baseline,80.44,0.84,Baseline,0
P001,baseline,80.59,0.83,Baseline,0
P001,baseline,80.76,0.82,Baseline,0
P001,baseline,80.91,0.8,Baseline,0
P001,baseline,81.06,0.84,Baseline,0
P001,baseline,81.23,0.8,Baseline,0
P001,baseline,81.39,0.83,Baseline,0
P001,baseline,81.55,0.83,Baseline,0
P001,baseline,81.7,0.79,Baseline,0
P001,baseline,81.86,0.84,Baseline,0
P001,baseline,82.01,0.85,Baseline,0
P001,baseline,82.17,0.8,Baseline,0
P001,baseline,82.33,0.82,Baseline,0
P001,baseline,82.49,0.73,Baseline,0
P001,baseline,82.65,0.79,Baseline,0
P001,baseline,82.81,0.84,Baseline,0
P001,baseline,82.97,0.75,Baseline,0
P001,baseline,83.14,0.83,Baseline,0
P001,baseline,83.29,0.78,Baseline,0
P001,baseline,83.45,0.84,Baseline,0
P001,baseline,83.6,0.84,Baseline,0
P001,baseline,83.76,0.84,Baseline,0
P001,baseline,83.93,0.83,Baseline,0
P001,baseline,84.11,0.86,Baseline,0
P001,baseline,84.29,0.87,Baseline,0
P001,baseline,84.45,0.87,Baseline,0
P001,baseline,84.64,0.85,Baseline,0
P001,baseline,84.8,0.79,Baseline,0
P001,baseline,84.98,0.87,Baseline,0
P001,baseline,85.18,0.85,Baseline,0
P001,baseline,85.36,0.86,Baseline,0
P001,baseline,85.53,0.86,Baseline,0
P001,baseline,85.7,0.87,Baseline,0
P001,baseline,85.87,0.85,Baseline,0
P001,baseline,86.05,0.86,Baseline,0
P001,baseline,86.22,0.89,Baseline,0
P001,baseline,86.39,0.87,Baseline,0
P001,baseline,86.56,0.85,Baseline,0
P001,baseline,86.73,0.86,Baseline,0
P001,baseline,86.89,0.82,Baseline,0
P001,baseline,87.05,0.85,Baseline,0
P001,baseline,87.22,0.85,Baseline,0
P001,baseline,87.39,0.83,Baseline,0
P001,baseline,87.56,0.9,Baseline,0
P001,baseline,87.74,0.87,Baseline,0
P001,baseline,87.9,0.86,Baseline,0
P001,baseline,88.08,0.92,Baseline,0
P001,baseline,88.25,0.87,Baseline,0
P001,baseline,88.42,0.85,Baseline,0
P001,baseline,88.59,0.86,Baseline,0
P001,baseline,88.76,0.8,Baseline,0
P001,baseline,88.92,0.81,Baseline,0
P001,baseline,89.1,0.85,Baseline,0
P001,baseline,89.28,0.81,Baseline,0
P001,baseline,89.46,0.87,Baseline,0
P001,baseline,89.64,0.85,Baseline,0
P001,baseline,89.82,0.83,Baseline,0
P001,baseline,89.99,0.85,Baseline,0
P001,baseline,90.16,0.85,Baseline,0
P001,baseline,90.33,0.87,Baseline,0
P001,baseline,90.49,0.87,Baseline,0
P001,baseline,90.66,0.85,Baseline,0
P001,baseline,90.84,0.85,Baseline,0
P001,baseline,91.01,0.86,Baseline,0
P001,baseline,91.17,0.81,Baseline,0
P001,baseline,91.33,0.84,Baseline,0
P001,baseline,91.49,0.78,Baseline,0
P001,baseline,91.67,0.81,Baseline,0
P001,baseline,91.84,0.83,Baseline,0
P001,baseline,92.0,0.79,Baseline,0
P001,baseline,92.16,0.82,Baseline,0
P001,baseline,92.32,0.81,Baseline,0
P001,baseline,92.49,0.82,Baseline,0
P001,baseline,92.65,0.82,Baseline,0
P001,baseline,92.82,0.81,Baseline,0
P001,baseline,92.99,0.85,Baseline,0
P001,baseline,93.16,0.83,Baseline,0
P001,baseline,93.33,0.85,Baseline,0
P001,baseline,93.5,0.85,Baseline,0
P001,baseline,93.67,0.83,Baseline,0
P001,baseline,93.85,0.84,Baseline,0
P001,baseline,94.02,0.81,Baseline,0
P001,baseline,94.19,0.82,Baseline,0
P001,baseline,94.36,0.81,Baseline,0
P001,baseline,94.53,0.82,Baseline,0
P001,baseline,94.71,0.81,Baseline,0
P001,baseline,94.9,0.81,Baseline,0
P001,baseline,95.08,0.82,Baseline,0
P001,baseline,95.25,0.79,Baseline,0
P001,baseline,95.42,0.8,Baseline,0
P001,baseline,95.99,0.77,Baseline,0
P001,baseline,96.16,0.78,Baseline,0
P001,baseline,96.32,0.79,Baseline,0
P001,baseline,96.49,0.79,Baseline,0
P001,baseline,96.66,0.8,Baseline,0
P001,baseline,96.83,0.82,Baseline,0
P001,baseline,97.0,0.83,Baseline,0
P001,baseline,97.15,0.82,Baseline,0
P001,baseline,97.32,0.82,Baseline,0
P001,baseline,97.49,0.8,Baseline,0
P001,baseline,97.66,0.82,Baseline,0
P001,baseline,97.82,0.82,Baseline,0
P001,baseline,97.99,0.83,Baseline,0
P001,baseline,98.16,0.82,Baseline,0
P001,baseline,98.33,0.81,Baseline,0
P001,baseline,98.49,0.83,Baseline,0
P001,baseline,98.66,0.8,Baseline,0
P001,baseline,98.82,0.83,Baseline,0
P001,baseline,98.98,0.84,Baseline,0
P001,baseline,99.15,0.82,Baseline,0
P001,baseline,99.31,0.85,Baseline,0
P001,baseline,99.48,0.83,Baseline,0
P001,baseline,99.65,0.82,Baseline,0
P001,baseline,99.83,0.84,Baseline,0
P001,baseline,100.0,0.81,Baseline,0
P001,baseline,100.18,0.81,Baseline,0
P001,baseline,100.36,0.81,Baseline,0
P001,baseline,100.52,0.83,Baseline,0
P001,baseline,100.69,0.8,Baseline,0
P001,baseline,100.86,0.8,Baseline,0
P001,baseline,101.04,0.82,Baseline,0
P001,baseline,101.2,0.82,Baseline,0
P001,baseline,101.37,0.82,Baseline,0
P001,baseline,101.54,0.84,Baseline,0
P001,baseline,101.69,0.84,Baseline,0
P001,baseline,101.86,0.83,Baseline,0
P001,baseline,102.02,0.81,Baseline,0
P001,baseline,102.2,0.8,Baseline,0
P001,baseline,102.38,0.79,Baseline,0
P001,baseline,102.55,0.81,Baseline,0
P001,baseline,102.72,0.83,Baseline,0
P001,baseline,102.89,0.83,Baseline,0
P001,baseline,103.07,0.83,Baseline,0
P001,baseline,103.25,0.82,Baseline,0
P001,baseline,103.42,0.81,Baseline,0
P001,baseline,103.59,0.82,Baseline,0
P001,baseline,103.76,0.82,Baseline,0
P001,baseline,103.95,0.83,Baseline,0
P001,baseline,104.11,0.85,Baseline,0
P001,baseline,104.27,0.86,Baseline,0
P001,baseline,104.44,0.77,Baseline,0
P001,baseline,104.61,0.82,Baseline,0
P001,baseline,104.78,0.84,Baseline,0
P001,baseline,104.94,0.84,Baseline,0
P001,baseline,105.14,0.8,Baseline,0
P001,baseline,105.32,0.88,Baseline,0
P001,baseline,105.49,0.87,Baseline,0
P001,baseline,105.67,0.82,Baseline,0
P001,baseline,105.84,0.8,Baseline,0
P001,baseline,106.03,0.83,Baseline,0
P001,baseline,106.2,0.83,Baseline,0
P001,baseline,106.37,0.81,Baseline,0
P001,baseline,106.55,0.85,Baseline,0
P001,baseline,106.71,0.8,Baseline,0
P001,baseline,106.88,0.83,Baseline,0
P001,baseline,107.06,0.81,Baseline,0
P001,baseline,107.22,0.79,Baseline,0
P001,baseline,107.39,0.8,Baseline,0
P001,baseline,107.56,0.74,Baseline,0
P001,baseline,107.72,0.81,Baseline,0
P001,baseline,107.87,0.81,Baseline,0
P001,baseline,108.03,0.83,Baseline,0
P001,baseline,108.19,0.84,Baseline,0
P001,baseline,108.37,0.81,Baseline,0
P001,baseline,108.53,0.82,Baseline,0
P001,baseline,108.69,0.82,Baseline,0
P001,baseline,108.86,0.83,Baseline,0
P001,baseline,109.02,0.83,Baseline,0
P001,baseline,109.19,0.82,Baseline,0
P001,baseline,109.36,0.85,Baseline,0
P001,baseline,109.53,0.81,Baseline,0
P001,baseline,109.71,0.83,Baseline,0
P001,baseline,109.88,0.82,Baseline,0
P001,baseline,110.05,0.85,Baseline,0
P001,baseline,110.21,0.89,Baseline,0
P001,baseline,110.37,0.82,Baseline,0
P001,baseline,110.56,0.84,Baseline,0
P001,baseline,110.73,0.8,Baseline,0
P001,baseline,110.91,0.84,Baseline,0
P001,baseline,111.09,0.76,Baseline,0
P001,baseline,111.25,0.75,Baseline,0
P001,baseline,111.41,0.84,Baseline,0
P001,baseline,111.57,0.81,Baseline,0
P001,baseline,111.74,0.85,Baseline,0
P001,baseline,111.91,0.83,Baseline,0
P001,baseline,112.1,0.86,Baseline,0
P001,baseline,112.7,0.81,Baseline,0
P001,baseline,112.87,0.81,Baseline,0
P001,baseline,113.04,0.81,Baseline,0
P001,baseline,113.21,0.81,Baseline,0
P001,baseline,113.38,0.81,Baseline,0
P001,baseline,113.54,0.8,Baseline,0
P001,baseline,113.71,0.85,Baseline,0
P001,baseline,113.88,0.81,Baseline,0
P001,baseline,114.05,0.79,Baseline,0
P001,baseline,114.2,0.85,Baseline,0
P001,baseline,114.36,0.85,Baseline,0
P001,baseline,114.51,0.87,Baseline,0
P001,baseline,114.68,0.85,Baseline,0
P001,baseline,114.85,0.88,Baseline,0
P001,baseline,115.03,0.85,Baseline,0
P001,baseline,115.21,0.85,Baseline,0
P001,baseline,115.37,0.77,Baseline,0
P001,baseline,115.55,0.82,Baseline,0
P001,baseline,115.72,0.87,Baseline,0
P001,baseline,115.9,0.82,Baseline,0
P001,baseline,116.1,0.87,Baseline,0
P001,baseline,116.31,0.84,Baseline,0
P001,baseline,116.52,0.82,Baseline,0
P001,baseline,116.69,0.84,Baseline,0
P001,baseline,116.86,0.73,Baseline,0
P001,baseline,117.02,0.83,Baseline,0
P001,baseline,117.19,0.84,Baseline,0
P001,baseline,117.36,0.81,Baseline,0
P001,baseline,117.53,0.84,Baseline,0
P001,baseline,117.7,0.87,Baseline,0
P001,baseline,117.87,0.88,Baseline,0
P001,baseline,118.05,0.84,Baseline,0
P001,baseline,118.21,0.82,Baseline,0
P001,baseline,118.38,0.89,Baseline,0
P001,baseline,118.56,0.83,Baseline,0
P001,baseline,118.72,0.84,Baseline,0
P001,baseline,118.88,0.87,Baseline,0
P001,baseline,119.05,0.82,Baseline,0
P001,baseline,119.22,0.81,Baseline,0
P001,baseline,119.38,0.83,Baseline,0
P001,baseline,119.52,0.81,Baseline,0
P001,baseline,119.69,0.87,Baseline,0
P001,baseline,119.86,0.8,Baseline,0
